Variant,1,2,3,4,5,6,7,8,9,10,11,12,13,14,15,16,17,18,19,20,21,22,23,25,26,27,28,29,30,31,32,33,34,35,36,37,38,39,40,41,42,43,44,45,46,47,48,49,y
N6M1_C,4.58,3.18,3.62,3.73,5.42,2.2,5.23,6.51,4.53,5.45,3.43,2.51,3.76,5.73,2.83,3.69,4.45,4.98,5.45,5.51,7.05,7.35,7.33,6.66,0.55,0.1,0.17,0.07,-0.04,0.09,3.07,-2.76,1.91,-1.4,-1.06,0.15,3.45,-2.99,0.06,0.78,0.48,0.7,-0.92,1.85,0.93,1.63,-1.28,-1,0
N6M1_M,4.42,2.98,3.31,2.79,4.92,2.25,6.33,3.52,6.07,3.64,2.26,2.36,5.82,2.75,2.84,3.45,4.45,5.39,3.66,6.4,6.89,7.94,5.03,4.04,0.71,0.3,0.48,1,0.46,0.04,1.97,0.24,0.37,0.41,0.11,0.29,1.39,-0.01,0.05,1.02,0.48,0.29,0.87,0.96,1.09,1.03,1.02,1.62,0
N6M1_N,4.55,3.19,3.59,3.63,5.37,2.24,7.33,3.54,6.12,3.82,2.44,2.56,5.88,2.74,3.14,4.15,4.73,5.56,4.13,6.92,7.74,8.74,5.63,5.13,0.58,0.09,0.2,0.16,0,0.05,0.97,0.21,0.32,0.24,-0.07,0.1,1.34,0,-0.25,0.32,0.19,0.12,0.41,0.44,0.25,0.24,0.42,0.54,0
N6M1_D,4.73,3.18,3.6,3.61,5.41,2.14,9.5,3.51,6.06,3.7,2.36,2.62,8.73,2.73,3.26,4.04,4.78,5.45,4.37,7.01,9.87,10.42,5.75,7.27,-0.08,0.1,0.2,0.18,-0.03,0.15,-1.2,0.25,0.38,0.35,0.01,0.04,-1.51,0.01,-0.36,0.43,0.15,0.23,0.17,0.36,-1.89,-1.44,0.3,-1.6,0
N6M1_P,5.06,3.19,3.62,3.55,5.29,2.21,7.03,3.5,6.11,3.91,2.33,2.65,5.8,2.74,3.03,4.03,4.78,5.58,4.21,7.18,7.94,8.89,5.88,5.28,0.08,0.09,0.18,0.24,0.09,0.08,1.27,0.25,0.33,0.14,0.05,0,1.42,0,-0.14,0.44,0.14,0.1,0.32,0.19,0.04,0.09,0.17,0.39,0
N6M1_E,4.98,3.17,3.57,3.47,5.36,2.06,9.73,3.5,6.09,3.79,2.24,2.55,8.3,2.74,3.24,3.9,4.78,5.49,4.33,7.09,9.57,10.47,5.8,7.62,0.15,0.11,0.22,0.32,0.02,0.22,-1.43,0.26,0.36,0.26,0.13,0.1,-1.09,0,-0.34,0.57,0.15,0.19,0.21,0.27,-1.59,-1.5,0.25,-1.95,0
N6M1_Q,4.67,3.04,3.39,2.76,5.01,2.27,6.62,3.54,6.12,3.61,2.23,2.4,5.83,2.75,2.76,3.34,4.54,5.35,3.71,6.47,7.44,8.41,5.09,4.63,0.47,0.24,0.41,1.03,0.36,0.02,1.68,0.21,0.33,0.45,0.14,0.25,1.39,-0.01,0.13,1.13,0.38,0.33,0.82,0.89,0.55,0.57,0.96,1.04,0
N6M1_F,4.96,3.16,3.54,3.56,5.33,2.12,8.88,3.54,6.12,3.83,2.37,2.59,7.18,2.74,3.16,4.01,4.8,5.55,4.16,7.04,9.05,9.96,5.74,7.11,0.18,0.12,0.25,0.23,0.04,0.17,-0.58,0.22,0.32,0.23,0,0.07,0.04,0,-0.26,0.46,0.13,0.13,0.37,0.32,-1.07,-0.99,0.31,-1.44,0
N6M1_R,4.49,3.24,3.68,3.76,5.42,2.28,7.43,3.53,6.1,3.69,2.46,2.56,5.78,2.73,3.13,4.29,4.75,5.39,4.18,6.89,7.83,8.67,5.6,5.49,0.64,0.04,0.11,0.03,-0.04,0.01,0.87,0.23,0.34,0.37,-0.08,0.09,1.44,0.01,-0.23,0.18,0.18,0.29,0.35,0.47,0.16,0.3,0.45,0.18,1
N6M1_G,4.7,3.25,3.67,3.65,5.34,2.26,7.15,3.55,6.14,3.7,2.5,2.67,6.27,2.75,3.12,4.17,4.8,5.44,4.06,6.9,7.52,8.49,5.59,4.69,0.43,0.03,0.12,0.14,0.03,0.03,1.15,0.2,0.31,0.36,-0.12,-0.01,0.95,-0.01,-0.22,0.3,0.13,0.24,0.48,0.46,0.46,0.48,0.46,0.98,0
N6M1_S,5.45,3.09,3.53,3.58,5.14,2.14,6.95,3.51,6.14,4.34,2.18,2.62,5.33,2.73,3.08,4.05,4.74,5.95,4.51,7.65,8.19,9.11,6.37,5.94,-0.32,0.19,0.27,0.21,0.24,0.14,1.35,0.24,0.3,-0.29,0.2,0.03,1.89,0.01,-0.18,0.42,0.18,-0.27,0.02,-0.28,-0.2,-0.14,-0.32,-0.27,0
N6M1_H,4.51,3.01,3.37,2.83,4.87,2.35,7.45,3.58,6.16,3.61,2.3,2.34,6.5,2.74,2.79,3.42,4.46,5.33,3.59,6.33,7.79,8.77,4.95,5.17,0.62,0.27,0.43,0.97,0.51,-0.06,0.85,0.18,0.28,0.45,0.07,0.31,0.72,0,0.11,1.05,0.47,0.35,0.95,1.03,0.2,0.2,1.1,0.49,0
N6M1_T,4.68,3.26,3.69,3.6,5.38,2.31,6.94,3.58,6.18,3.71,2.44,2.64,6.2,2.74,3.09,4.16,4.82,5.43,4.05,6.87,7.36,8.25,5.55,4.52,0.45,0.02,0.1,0.19,0,-0.03,1.36,0.18,0.26,0.35,-0.07,0.01,1.02,0,-0.19,0.31,0.1,0.25,0.48,0.49,0.62,0.72,0.5,1.15,0
N6M1_I,4.75,3.29,3.72,3.77,5.47,2.23,7.75,3.62,6.24,3.77,2.44,2.6,6.5,2.74,3.2,4.25,4.84,5.49,4.26,7.01,7.63,8.67,5.71,5.1,0.38,-0.01,0.08,0.03,-0.1,0.05,0.55,0.13,0.2,0.28,-0.06,0.06,0.72,0,-0.3,0.22,0.08,0.19,0.27,0.36,0.36,0.3,0.34,0.56,0
N6M1_V,4.54,3.2,3.6,3.6,5.35,2.23,7.23,3.51,6.09,3.76,2.43,2.6,6.16,2.74,3.04,4.13,4.7,5.49,4.12,6.9,7.59,8.58,5.61,4.84,0.59,0.08,0.19,0.19,0.03,0.06,1.07,0.24,0.36,0.3,-0.06,0.05,1.05,0,-0.14,0.34,0.22,0.19,0.41,0.46,0.4,0.39,0.44,0.82,0
N6M1_K,4.53,3.24,3.69,3.69,5.46,2.25,8.32,3.5,6.06,3.78,2.4,2.57,6.59,2.74,3.2,4.22,4.76,5.3,4.23,6.94,8.71,9.5,5.66,6.41,0.6,0.04,0.1,0.1,-0.08,0.03,-0.02,0.25,0.38,0.28,-0.03,0.09,0.63,0,-0.31,0.25,0.16,0.38,0.3,0.43,-0.72,-0.53,0.39,-0.75,0
N6M1_W,4.65,3.2,3.61,3.67,5.41,2.19,8.37,3.57,6.14,3.8,2.43,2.56,6.53,2.73,3.17,4.14,4.77,5.54,4.13,6.92,8.97,9.56,5.64,6.9,0.49,0.08,0.19,0.13,-0.04,0.09,-0.07,0.19,0.3,0.26,-0.06,0.1,0.69,0.01,-0.27,0.33,0.15,0.14,0.4,0.44,-0.98,-0.59,0.41,-1.23,1
N6M1_L,4.75,3.27,3.7,3.68,5.44,2.2,7.17,3.6,6.21,3.83,2.38,2.59,5.69,2.74,3.15,4.16,4.81,5.56,4.31,7.07,7.66,8.65,5.78,5.07,0.39,0.01,0.1,0.11,-0.07,0.08,1.13,0.15,0.23,0.22,-0.01,0.06,1.53,0,-0.25,0.31,0.12,0.12,0.22,0.29,0.32,0.33,0.27,0.6,0
W290F,4.58,3.25,3.74,3.76,5.43,2.29,7.37,3.6,6.25,3.84,2.48,2.58,6.12,2.75,3.01,4.23,4.83,5.49,4.17,6.94,6.99,8.09,5.67,4.35,0.56,0.03,0.05,0.04,-0.05,0,0.93,0.16,0.2,0.21,-0.1,0.07,1.1,-0.01,-0.12,0.24,0.09,0.19,0.36,0.42,0.99,0.88,0.38,1.31,0
W290G,4.69,3.18,3.62,3.91,5.02,2.8,7.05,3.51,6.06,4.27,2.46,2.69,5.82,2.71,3.03,4.44,4.32,5.94,4.59,7.54,7.33,8.49,6.36,5.05,0.44,0.1,0.18,-0.11,0.36,-0.51,1.25,0.25,0.38,-0.21,-0.09,-0.04,1.39,0.03,-0.13,0.03,0.6,-0.26,-0.06,-0.18,0.66,0.48,-0.31,0.62,1
W290H,4.65,3.25,3.75,3.78,5.47,2.28,7.36,3.59,6.25,3.89,2.51,2.61,6.06,2.74,3.05,4.27,4.87,5.56,4.1,6.96,6.97,8.02,5.67,4.37,0.48,0.03,0.04,0.01,-0.1,0.01,0.94,0.16,0.19,0.17,-0.13,0.05,1.16,0,-0.16,0.2,0.06,0.12,0.43,0.41,1.01,0.95,0.38,1.29,1
WT,5.13,3.28,3.79,3.79,5.38,2.29,8.3,3.75,6.44,4.06,2.37,2.65,7.22,2.74,2.9,4.47,4.92,5.68,4.53,7.36,7.98,8.97,6.05,5.67,0,0,0,0,0,0,0,0,0,0,0,0,0,0,0,0,0,0,0,0,0,0,0,0,0
GOH_1052,4.64,2.93,3.38,3.33,4.5,2.73,5.54,3.51,6.21,4.2,2.5,2.66,5.27,2.73,2.44,3.8,4.25,5.9,3.91,7.01,6.71,7.66,5.74,3.64,0.49,0.35,0.42,0.46,0.88,-0.45,2.76,0.24,0.24,-0.14,-0.12,-0.01,1.95,0.01,0.46,0.67,0.67,-0.22,0.63,0.35,1.28,1.31,0.31,2.03,1
GOH_1036,4.7,2.93,3.32,3.64,3.72,2.68,6.11,3.21,5.87,4.41,2.52,2.43,5.33,2.72,1.91,4.12,4.35,6.19,3.58,7.02,6.48,7.44,5.73,3.42,0.44,0.35,0.47,0.15,1.65,-0.39,2.19,0.54,0.58,-0.35,-0.15,0.22,1.88,0.02,0.99,0.35,0.58,-0.51,0.96,0.34,1.5,1.54,0.32,2.24,1
GOH_1021,4.16,2.75,3.06,3.62,3.9,2.27,5.75,3.24,5.93,4.5,2.46,2.37,5.13,2.75,2.17,4.31,3.99,6.29,3.96,7.27,6.52,7.49,6.01,3.26,0.98,0.53,0.73,0.17,1.48,0.02,2.55,0.51,0.52,-0.45,-0.09,0.29,2.09,-0.01,0.72,0.16,0.93,-0.61,0.57,0.09,1.47,1.48,0.04,2.41,1
M35_R,4.65,2.97,3.34,3.36,4.93,2.42,5.66,3.49,6.18,4.44,2.51,2.79,5.25,2.71,3.02,3.88,4.44,6.21,4.34,7.37,6.35,7.32,6.14,3.38,0.48,0.31,0.45,0.43,0.45,-0.13,2.64,0.26,0.26,-0.39,-0.14,-0.13,1.96,0.03,-0.13,0.59,0.48,-0.53,0.2,0,1.64,1.66,-0.09,2.29,1
M35_215,5.11,3.07,3.64,3.44,4.53,3.04,4.11,5.6,4.83,4.33,2.65,5.22,5.94,4.04,4,2.79,3.2,4.97,6.35,6.61,4.11,4,4.81,5.37,0.02,0.21,0.15,0.36,0.84,-0.75,4.19,-1.84,1.61,-0.27,-0.27,-2.56,1.28,-1.3,-1.1,1.68,1.72,0.71,-1.82,0.76,3.87,4.97,1.24,0.3,1
M35_24,3.99,2.97,3.48,3.52,4.4,3.17,3.27,6.52,4.04,3.83,2.99,6.6,6.68,4.5,3.83,2.47,2.54,3.93,7.26,6.16,2.75,2.15,3.91,6.15,1.15,0.31,0.31,0.27,0.97,-0.89,5.03,-2.77,2.4,0.23,-0.62,-3.94,0.54,-1.76,-0.93,2,2.39,1.75,-2.73,1.2,5.24,6.83,2.14,-0.48,1
M35_32,4.24,2.9,3.41,3.52,4.41,2.86,4.11,5.37,4.94,4.22,2.92,5.23,6.21,3.94,3.56,2.99,3.17,4.94,5.94,6.27,3.97,4.07,4.71,5.25,0.89,0.38,0.38,0.28,0.96,-0.58,4.19,-1.62,1.5,-0.16,-0.55,-2.58,1.01,-1.2,-0.66,1.48,1.75,0.74,-1.41,1.09,4.01,4.9,1.34,0.42,1